workflow_order,workflow_id,workflow_title,palette_lane,priority_tier,layer,object,canonical_path,member_type,member_name,accessible_label,context_label,blind_vi_purpose
1,orientation_set_scanning,Orientation and Set Scanning,` + n,core,selection,Song.View,live_set view,child,highlighted_clip_slot,Highlighted clip slot,Song.View child @ view,Confirms current location and nearby structure.
1,orientation_set_scanning,Orientation and Set Scanning,` + n,core,selection,Song.View,live_set view,child,selected_scene,Selected scene,Song.View child @ view,Confirms current location and nearby structure.
1,orientation_set_scanning,Orientation and Set Scanning,` + n,core,selection,Song.View,live_set view,child,selected_track,Selected track,Song.View child @ view,Confirms current location and nearby structure.
1,orientation_set_scanning,Orientation and Set Scanning,` + n,core,session_global,Song,live_set,child,scenes,Scene list,Song child @ live_set,Confirms current location and nearby structure.
1,orientation_set_scanning,Orientation and Set Scanning,` + n,core,session_global,Song,live_set,child,tracks,Track list,Song child @ live_set,Confirms current location and nearby structure.
1,orientation_set_scanning,Orientation and Set Scanning,` + n,core,session_global,Song,live_set,child,visible_tracks,Visible track list,Song child @ live_set,Confirms current location and nearby structure.
1,orientation_set_scanning,Orientation and Set Scanning,` + n,core,scene,Scene,live_set scenes N,property,name,Scene name,Scene prop @ scenes N,Confirms current location and nearby structure.
1,orientation_set_scanning,Orientation and Set Scanning,` + n,core,track,Track,live_set tracks N,property,is_part_of_selection,Part Of Selection,Track prop @ tracks N,Confirms current location and nearby structure.
1,orientation_set_scanning,Orientation and Set Scanning,` + n,core,track,Track,live_set tracks N,property,name,Track name,Track prop @ tracks N,Confirms current location and nearby structure.
1,orientation_set_scanning,Orientation and Set Scanning,` + n,core,track,Track,live_set tracks N,property,is_visible,Visible,Track prop @ tracks N,Confirms current location and nearby structure.
1,orientation_set_scanning,Orientation and Set Scanning,` + n,core,track_view,Track.View,live_set tracks N view,property,selected_track,Selected track in view,Track.View prop @ tracks N view,Confirms current location and nearby structure.
1,orientation_set_scanning,Orientation and Set Scanning,` + n,core,track_view,Track.View,live_set tracks N view,property,visible_tracks,Visible tracks in view,Track.View prop @ tracks N view,Confirms current location and nearby structure.
1,orientation_set_scanning,Orientation and Set Scanning,` + n,extended,selection,Song.View,live_set view,child,detail_clip,Detail clip,Song.View child @ view,Confirms current location and nearby structure.
1,orientation_set_scanning,Orientation and Set Scanning,` + n,extended,session_global,Song,live_set,child,cue_points,Cue Points,Song child @ live_set,Confirms current location and nearby structure.
1,orientation_set_scanning,Orientation and Set Scanning,` + n,extended,session_global,Song,live_set,child,master_track,Master track,Song child @ live_set,Confirms current location and nearby structure.
1,orientation_set_scanning,Orientation and Set Scanning,` + n,extended,session_global,Song,live_set,child,return_tracks,Return track list,Song child @ live_set,Confirms current location and nearby structure.
1,orientation_set_scanning,Orientation and Set Scanning,` + n,extended,session_global,Song,live_set,child,view,Song view,Song child @ live_set,Confirms current location and nearby structure.
1,orientation_set_scanning,Orientation and Set Scanning,` + n,extended,scene,Scene,live_set scenes N,child,clip_slots,Scene clip slots,Scene child @ scenes N,Confirms current location and nearby structure.
1,orientation_set_scanning,Orientation and Set Scanning,` + n,extended,scene,Scene,live_set scenes N,property,is_empty,Empty,Scene prop @ scenes N,Confirms current location and nearby structure.
1,orientation_set_scanning,Orientation and Set Scanning,` + n,extended,scene,Scene,live_set scenes N,property,color,Scene Color,Scene prop @ scenes N,Confirms current location and nearby structure.
1,orientation_set_scanning,Orientation and Set Scanning,` + n,extended,track,Track,live_set tracks N,child,clip_slots,Track clip slots,Track child @ tracks N,Confirms current location and nearby structure.
1,orientation_set_scanning,Orientation and Set Scanning,` + n,extended,track,Track,live_set tracks N,property,color,Track Color,Track prop @ tracks N,Confirms current location and nearby structure.
1,orientation_set_scanning,Orientation and Set Scanning,` + n,deep,selection,Song.View,live_set view,property,draw_mode,Draw Mode,Song.View prop @ view,Confirms current location and nearby structure.
1,orientation_set_scanning,Orientation and Set Scanning,` + n,deep,session_global,Song,live_set,child,groove_pool,Groove Pool,Song child @ live_set,Confirms current location and nearby structure.
1,orientation_set_scanning,Orientation and Set Scanning,` + n,deep,session_global,Song,live_set,child,tuning_system,Tuning System,Song child @ live_set,Confirms current location and nearby structure.
1,orientation_set_scanning,Orientation and Set Scanning,` + n,deep,scene,Scene,live_set scenes N,property,color_index,Scene Color Index,Scene prop @ scenes N,Confirms current location and nearby structure.
1,orientation_set_scanning,Orientation and Set Scanning,` + n,deep,track,Track,live_set tracks N,property,color_index,Track Color Index,Track prop @ tracks N,Confirms current location and nearby structure.
2,clip_scene_discovery,Clip and Scene Discovery,` + c,core,clip_slot,ClipSlot,live_set tracks N clip_slots M,child,clip,Clip in slot,ClipSlot child @ tracks N clip_slots M,Reveals identity before the user triggers anything.
2,clip_scene_discovery,Clip and Scene Discovery,` + c,core,clip_slot,ClipSlot,live_set tracks N clip_slots M,property,has_clip,Has clip,ClipSlot prop @ tracks N clip_slots M,Reveals identity before the user triggers anything.
2,clip_scene_discovery,Clip and Scene Discovery,` + c,core,clip_slot,ClipSlot,live_set tracks N clip_slots M,property,has_stop_button,Slot has stop button,ClipSlot prop @ tracks N clip_slots M,Reveals identity before the user triggers anything.
2,clip_scene_discovery,Clip and Scene Discovery,` + c,core,clip,Clip,live_set tracks N clip_slots M clip,property,is_audio_clip,Audio Clip,Clip prop @ tracks N clip_slots M clip,Reveals identity before the user triggers anything.
2,clip_scene_discovery,Clip and Scene Discovery,` + c,core,clip,Clip,live_set tracks N clip_slots M clip,property,name,Clip name,Clip prop @ tracks N clip_slots M clip,Reveals identity before the user triggers anything.
2,clip_scene_discovery,Clip and Scene Discovery,` + c,core,clip,Clip,live_set tracks N clip_slots M clip,property,is_midi_clip,Midi Clip,Clip prop @ tracks N clip_slots M clip,Reveals identity before the user triggers anything.
2,clip_scene_discovery,Clip and Scene Discovery,` + c,extended,clip_slot,ClipSlot,live_set tracks N clip_slots M,property,color,Clip Slot Color,ClipSlot prop @ tracks N clip_slots M,Reveals identity before the user triggers anything.
2,clip_scene_discovery,Clip and Scene Discovery,` + c,extended,clip_slot,ClipSlot,live_set tracks N clip_slots M,property,controls_other_clips,Controls other clips,ClipSlot prop @ tracks N clip_slots M,Reveals identity before the user triggers anything.
2,clip_scene_discovery,Clip and Scene Discovery,` + c,extended,clip_slot,ClipSlot,live_set tracks N clip_slots M,property,is_group_slot,Group Slot,ClipSlot prop @ tracks N clip_slots M,Reveals identity before the user triggers anything.
2,clip_scene_discovery,Clip and Scene Discovery,` + c,extended,clip,Clip,live_set tracks N clip_slots M clip,child,view,Clip view,Clip child @ tracks N clip_slots M clip,Reveals identity before the user triggers anything.
2,clip_scene_discovery,Clip and Scene Discovery,` + c,extended,clip,Clip,live_set tracks N clip_slots M clip,property,is_arrangement_clip,Arrangement Clip,Clip prop @ tracks N clip_slots M clip,Reveals identity before the user triggers anything.
2,clip_scene_discovery,Clip and Scene Discovery,` + c,extended,clip,Clip,live_set tracks N clip_slots M clip,property,color,Clip Color,Clip prop @ tracks N clip_slots M clip,Reveals identity before the user triggers anything.
2,clip_scene_discovery,Clip and Scene Discovery,` + c,extended,clip,Clip,live_set tracks N clip_slots M clip,property,file_path,File Path,Clip prop @ tracks N clip_slots M clip,Reveals identity before the user triggers anything.
2,clip_scene_discovery,Clip and Scene Discovery,` + c,extended,clip,Clip,live_set tracks N clip_slots M clip,property,has_envelopes,Has envelopes,Clip prop @ tracks N clip_slots M clip,Reveals identity before the user triggers anything.
2,clip_scene_discovery,Clip and Scene Discovery,` + c,extended,clip,Clip,live_set tracks N clip_slots M clip,property,has_groove,Has groove,Clip prop @ tracks N clip_slots M clip,Reveals identity before the user triggers anything.
2,clip_scene_discovery,Clip and Scene Discovery,` + c,extended,clip,Clip,live_set tracks N clip_slots M clip,property,muted,Muted,Clip prop @ tracks N clip_slots M clip,Reveals identity before the user triggers anything.
2,clip_scene_discovery,Clip and Scene Discovery,` + c,extended,clip,Clip,live_set tracks N clip_slots M clip,property,notes,Notes,Clip prop @ tracks N clip_slots M clip,Reveals identity before the user triggers anything.
2,clip_scene_discovery,Clip and Scene Discovery,` + c,extended,clip,Clip,live_set tracks N clip_slots M clip,property,ram_mode,Ram Mode,Clip prop @ tracks N clip_slots M clip,Reveals identity before the user triggers anything.
2,clip_scene_discovery,Clip and Scene Discovery,` + c,extended,clip,Clip,live_set tracks N clip_slots M clip,property,is_session_clip,Session Clip,Clip prop @ tracks N clip_slots M clip,Reveals identity before the user triggers anything.
2,clip_scene_discovery,Clip and Scene Discovery,` + c,extended,clip,Clip,live_set tracks N clip_slots M clip,property,signature_denominator,Signature Denominator,Clip prop @ tracks N clip_slots M clip,Reveals identity before the user triggers anything.
2,clip_scene_discovery,Clip and Scene Discovery,` + c,extended,clip,Clip,live_set tracks N clip_slots M clip,property,signature_numerator,Signature Numerator,Clip prop @ tracks N clip_slots M clip,Reveals identity before the user triggers anything.
2,clip_scene_discovery,Clip and Scene Discovery,` + c,extended,clip,Clip,live_set tracks N clip_slots M clip,property,is_take_lane_clip,Take Lane Clip,Clip prop @ tracks N clip_slots M clip,Reveals identity before the user triggers anything.
2,clip_scene_discovery,Clip and Scene Discovery,` + c,extended,clip,Clip,live_set tracks N clip_slots M clip,property,warp_markers,Warp Markers,Clip prop @ tracks N clip_slots M clip,Reveals identity before the user triggers anything.
2,clip_scene_discovery,Clip and Scene Discovery,` + c,extended,clip,Clip,live_set tracks N clip_slots M clip,property,will_record_on_start,Will Record On Start,Clip prop @ tracks N clip_slots M clip,Reveals identity before the user triggers anything.
2,clip_scene_discovery,Clip and Scene Discovery,` + c,deep,clip_slot,ClipSlot,live_set tracks N clip_slots M,property,color_index,Clip Slot Color Index,ClipSlot prop @ tracks N clip_slots M,Reveals identity before the user triggers anything.
2,clip_scene_discovery,Clip and Scene Discovery,` + c,deep,clip,Clip,live_set tracks N clip_slots M clip,property,color_index,Clip Color Index,Clip prop @ tracks N clip_slots M clip,Reveals identity before the user triggers anything.
3,launch_performance_state,Launch and Performance State,` + p,core,selection,Song.View,live_set view,property,follow_song,Follow Song,Song.View prop @ view,Prevents accidental relaunches and silent mistakes.
3,launch_performance_state,Launch and Performance State,` + p,core,session_global,Song,live_set,property,back_to_arranger,Back To Arranger,Song prop @ live_set,Prevents accidental relaunches and silent mistakes.
3,launch_performance_state,Launch and Performance State,` + p,core,session_global,Song,live_set,property,is_playing,Playing,Song prop @ live_set,Prevents accidental relaunches and silent mistakes.
3,launch_performance_state,Launch and Performance State,` + p,core,scene,Scene,live_set scenes N,property,is_triggered,Triggered,Scene prop @ scenes N,Prevents accidental relaunches and silent mistakes.
3,launch_performance_state,Launch and Performance State,` + p,core,track,Track,live_set tracks N,property,back_to_arranger,Back To Arranger,Track prop @ tracks N,Prevents accidental relaunches and silent mistakes.
3,launch_performance_state,Launch and Performance State,` + p,core,track,Track,live_set tracks N,property,fired_slot_index,Fired slot index,Track prop @ tracks N,Prevents accidental relaunches and silent mistakes.
3,launch_performance_state,Launch and Performance State,` + p,core,track,Track,live_set tracks N,property,playing_slot_index,Playing slot index,Track prop @ tracks N,Prevents accidental relaunches and silent mistakes.
3,launch_performance_state,Launch and Performance State,` + p,core,clip_slot,ClipSlot,live_set tracks N clip_slots M,property,is_playing,Playing,ClipSlot prop @ tracks N clip_slots M,Prevents accidental relaunches and silent mistakes.
3,launch_performance_state,Launch and Performance State,` + p,core,clip_slot,ClipSlot,live_set tracks N clip_slots M,property,playing_status,Playing Status,ClipSlot prop @ tracks N clip_slots M,Prevents accidental relaunches and silent mistakes.
3,launch_performance_state,Launch and Performance State,` + p,core,clip_slot,ClipSlot,live_set tracks N clip_slots M,property,is_triggered,Triggered,ClipSlot prop @ tracks N clip_slots M,Prevents accidental relaunches and silent mistakes.
3,launch_performance_state,Launch and Performance State,` + p,core,clip,Clip,live_set tracks N clip_slots M clip,property,is_playing,Playing,Clip prop @ tracks N clip_slots M clip,Prevents accidental relaunches and silent mistakes.
3,launch_performance_state,Launch and Performance State,` + p,core,clip,Clip,live_set tracks N clip_slots M clip,property,playing_position,Playing Position,Clip prop @ tracks N clip_slots M clip,Prevents accidental relaunches and silent mistakes.
3,launch_performance_state,Launch and Performance State,` + p,core,clip,Clip,live_set tracks N clip_slots M clip,property,playing_status,Playing Status,Clip prop @ tracks N clip_slots M clip,Prevents accidental relaunches and silent mistakes.
3,launch_performance_state,Launch and Performance State,` + p,core,clip,Clip,live_set tracks N clip_slots M clip,property,position,Position,Clip prop @ tracks N clip_slots M clip,Prevents accidental relaunches and silent mistakes.
3,launch_performance_state,Launch and Performance State,` + p,core,clip,Clip,live_set tracks N clip_slots M clip,property,is_triggered,Triggered,Clip prop @ tracks N clip_slots M clip,Prevents accidental relaunches and silent mistakes.
3,launch_performance_state,Launch and Performance State,` + p,extended,clip_slot,ClipSlot,live_set tracks N clip_slots M,property,is_recording,Recording,ClipSlot prop @ tracks N clip_slots M,Prevents accidental relaunches and silent mistakes.
4,recording_capture_safety,Recording and Capture Safety,` + r,core,session_global,Song,live_set,property,overdub,Overdub,Song prop @ live_set,Reduces destructive recording errors.
4,recording_capture_safety,Recording and Capture Safety,` + r,core,session_global,Song,live_set,property,record_mode,Record Mode,Song prop @ live_set,Reduces destructive recording errors.
4,recording_capture_safety,Recording and Capture Safety,` + r,core,session_global,Song,live_set,property,session_record,Session Record,Song prop @ live_set,Reduces destructive recording errors.
4,recording_capture_safety,Recording and Capture Safety,` + r,core,session_global,Song,live_set,property,session_record_status,Session record status,Song prop @ live_set,Reduces destructive recording errors.
4,recording_capture_safety,Recording and Capture Safety,` + r,core,track,Track,live_set tracks N,property,arm,Arm,Track prop @ tracks N,Reduces destructive recording errors.
4,recording_capture_safety,Recording and Capture Safety,` + r,core,track,Track,live_set tracks N,property,can_be_armed,Can be armed,Track prop @ tracks N,Reduces destructive recording errors.
4,recording_capture_safety,Recording and Capture Safety,` + r,core,clip_slot,ClipSlot,live_set tracks N clip_slots M,property,will_record_on_start,Will record on start,ClipSlot prop @ tracks N clip_slots M,Reduces destructive recording errors.
4,recording_capture_safety,Recording and Capture Safety,` + r,core,clip,Clip,live_set tracks N clip_slots M clip,property,is_recording,Recording,Clip prop @ tracks N clip_slots M clip,Reduces destructive recording errors.
4,recording_capture_safety,Recording and Capture Safety,` + r,extended,session_global,Song,live_set,property,arrangement_overdub,Arrangement Overdub,Song prop @ live_set,Reduces destructive recording errors.
4,recording_capture_safety,Recording and Capture Safety,` + r,extended,session_global,Song,live_set,property,can_capture_midi,Can capture midi,Song prop @ live_set,Reduces destructive recording errors.
4,recording_capture_safety,Recording and Capture Safety,` + r,extended,session_global,Song,live_set,property,count_in_duration,Count In Duration,Song prop @ live_set,Reduces destructive recording errors.
4,recording_capture_safety,Recording and Capture Safety,` + r,extended,session_global,Song,live_set,property,is_counting_in,Counting In,Song prop @ live_set,Reduces destructive recording errors.
4,recording_capture_safety,Recording and Capture Safety,` + r,extended,session_global,Song,live_set,property,punch_in,Punch In,Song prop @ live_set,Reduces destructive recording errors.
4,recording_capture_safety,Recording and Capture Safety,` + r,extended,session_global,Song,live_set,property,punch_out,Punch Out,Song prop @ live_set,Reduces destructive recording errors.
4,recording_capture_safety,Recording and Capture Safety,` + r,extended,track,Track,live_set tracks N,property,implicit_arm,Implicit Arm,Track prop @ tracks N,Reduces destructive recording errors.
4,recording_capture_safety,Recording and Capture Safety,` + r,extended,clip,Clip,live_set tracks N clip_slots M clip,property,is_overdubbing,Overdubbing,Clip prop @ tracks N clip_slots M clip,Reduces destructive recording errors.
5,timing_loop_grid_control,"Timing, Loop, and Grid Control",` + t,core,session_global,Song,live_set,property,clip_trigger_quantization,Clip trigger quantization,Song prop @ live_set,Communicates phrase structure and edit timing.
5,timing_loop_grid_control,"Timing, Loop, and Grid Control",` + t,core,session_global,Song,live_set,property,current_song_time,Current Song Time,Song prop @ live_set,Communicates phrase structure and edit timing.
5,timing_loop_grid_control,"Timing, Loop, and Grid Control",` + t,core,session_global,Song,live_set,property,loop_start,Loop Start,Song prop @ live_set,Communicates phrase structure and edit timing.
5,timing_loop_grid_control,"Timing, Loop, and Grid Control",` + t,core,session_global,Song,live_set,property,metronome,Metronome,Song prop @ live_set,Communicates phrase structure and edit timing.
5,timing_loop_grid_control,"Timing, Loop, and Grid Control",` + t,core,session_global,Song,live_set,property,signature_denominator,Signature Denominator,Song prop @ live_set,Communicates phrase structure and edit timing.
5,timing_loop_grid_control,"Timing, Loop, and Grid Control",` + t,core,session_global,Song,live_set,property,signature_numerator,Signature Numerator,Song prop @ live_set,Communicates phrase structure and edit timing.
5,timing_loop_grid_control,"Timing, Loop, and Grid Control",` + t,core,session_global,Song,live_set,property,tempo,Tempo,Song prop @ live_set,Communicates phrase structure and edit timing.
5,timing_loop_grid_control,"Timing, Loop, and Grid Control",` + t,core,scene,Scene,live_set scenes N,property,tempo,Tempo,Scene prop @ scenes N,Communicates phrase structure and edit timing.
5,timing_loop_grid_control,"Timing, Loop, and Grid Control",` + t,core,clip,Clip,live_set tracks N clip_slots M clip,property,launch_quantization,Launch Quantization,Clip prop @ tracks N clip_slots M clip,Communicates phrase structure and edit timing.
5,timing_loop_grid_control,"Timing, Loop, and Grid Control",` + t,core,clip,Clip,live_set tracks N clip_slots M clip,property,length,Length,Clip prop @ tracks N clip_slots M clip,Communicates phrase structure and edit timing.
5,timing_loop_grid_control,"Timing, Loop, and Grid Control",` + t,core,clip,Clip,live_set tracks N clip_slots M clip,property,loop_end,Loop End,Clip prop @ tracks N clip_slots M clip,Communicates phrase structure and edit timing.
5,timing_loop_grid_control,"Timing, Loop, and Grid Control",` + t,core,clip,Clip,live_set tracks N clip_slots M clip,property,loop_start,Loop Start,Clip prop @ tracks N clip_slots M clip,Communicates phrase structure and edit timing.
5,timing_loop_grid_control,"Timing, Loop, and Grid Control",` + t,core,clip,Clip,live_set tracks N clip_slots M clip,property,looping,Looping,Clip prop @ tracks N clip_slots M clip,Communicates phrase structure and edit timing.
5,timing_loop_grid_control,"Timing, Loop, and Grid Control",` + t,core,clip_view,Clip.View,live_set tracks N clip_slots M clip view,property,grid_quantization,Grid Quantization,Clip.View prop @ tracks N clip_slots M clip view,Communicates phrase structure and edit timing.
5,timing_loop_grid_control,"Timing, Loop, and Grid Control",` + t,extended,session_global,Song,live_set,property,groove_amount,Groove Amount,Song prop @ live_set,Communicates phrase structure and edit timing.
5,timing_loop_grid_control,"Timing, Loop, and Grid Control",` + t,extended,session_global,Song,live_set,property,loop,Loop,Song prop @ live_set,Communicates phrase structure and edit timing.
5,timing_loop_grid_control,"Timing, Loop, and Grid Control",` + t,extended,session_global,Song,live_set,property,loop_length,Loop Length,Song prop @ live_set,Communicates phrase structure and edit timing.
5,timing_loop_grid_control,"Timing, Loop, and Grid Control",` + t,extended,session_global,Song,live_set,property,midi_recording_quantization,Midi Recording Quantization,Song prop @ live_set,Communicates phrase structure and edit timing.
5,timing_loop_grid_control,"Timing, Loop, and Grid Control",` + t,extended,session_global,Song,live_set,property,song_length,Song Length,Song prop @ live_set,Communicates phrase structure and edit timing.
5,timing_loop_grid_control,"Timing, Loop, and Grid Control",` + t,extended,session_global,Song,live_set,property,start_time,Start Time,Song prop @ live_set,Communicates phrase structure and edit timing.
5,timing_loop_grid_control,"Timing, Loop, and Grid Control",` + t,extended,session_global,Song,live_set,property,swing_amount,Swing Amount,Song prop @ live_set,Communicates phrase structure and edit timing.
5,timing_loop_grid_control,"Timing, Loop, and Grid Control",` + t,extended,scene,Scene,live_set scenes N,property,tempo_enabled,Tempo Enabled,Scene prop @ scenes N,Communicates phrase structure and edit timing.
5,timing_loop_grid_control,"Timing, Loop, and Grid Control",` + t,extended,scene,Scene,live_set scenes N,property,time_signature_denominator,Time Signature Denominator,Scene prop @ scenes N,Communicates phrase structure and edit timing.
5,timing_loop_grid_control,"Timing, Loop, and Grid Control",` + t,extended,scene,Scene,live_set scenes N,property,time_signature_enabled,Time Signature Enabled,Scene prop @ scenes N,Communicates phrase structure and edit timing.
5,timing_loop_grid_control,"Timing, Loop, and Grid Control",` + t,extended,scene,Scene,live_set scenes N,property,time_signature_numerator,Time Signature Numerator,Scene prop @ scenes N,Communicates phrase structure and edit timing.
5,timing_loop_grid_control,"Timing, Loop, and Grid Control",` + t,extended,clip,Clip,live_set tracks N clip_slots M clip,property,available_warp_modes,Available warp modes,Clip prop @ tracks N clip_slots M clip,Communicates phrase structure and edit timing.
5,timing_loop_grid_control,"Timing, Loop, and Grid Control",` + t,extended,clip,Clip,live_set tracks N clip_slots M clip,property,end_marker,End Marker,Clip prop @ tracks N clip_slots M clip,Communicates phrase structure and edit timing.
5,timing_loop_grid_control,"Timing, Loop, and Grid Control",` + t,extended,clip,Clip,live_set tracks N clip_slots M clip,property,end_time,End Time,Clip prop @ tracks N clip_slots M clip,Communicates phrase structure and edit timing.
5,timing_loop_grid_control,"Timing, Loop, and Grid Control",` + t,extended,clip,Clip,live_set tracks N clip_slots M clip,property,groove,Groove,Clip prop @ tracks N clip_slots M clip,Communicates phrase structure and edit timing.
5,timing_loop_grid_control,"Timing, Loop, and Grid Control",` + t,extended,clip,Clip,live_set tracks N clip_slots M clip,property,launch_mode,Launch Mode,Clip prop @ tracks N clip_slots M clip,Communicates phrase structure and edit timing.
5,timing_loop_grid_control,"Timing, Loop, and Grid Control",` + t,extended,clip,Clip,live_set tracks N clip_slots M clip,property,legato,Legato,Clip prop @ tracks N clip_slots M clip,Communicates phrase structure and edit timing.
5,timing_loop_grid_control,"Timing, Loop, and Grid Control",` + t,extended,clip,Clip,live_set tracks N clip_slots M clip,property,loop_jump,Loop Jump,Clip prop @ tracks N clip_slots M clip,Communicates phrase structure and edit timing.
5,timing_loop_grid_control,"Timing, Loop, and Grid Control",` + t,extended,clip,Clip,live_set tracks N clip_slots M clip,property,pitch_coarse,Pitch Coarse,Clip prop @ tracks N clip_slots M clip,Communicates phrase structure and edit timing.
5,timing_loop_grid_control,"Timing, Loop, and Grid Control",` + t,extended,clip,Clip,live_set tracks N clip_slots M clip,property,pitch_fine,Pitch Fine,Clip prop @ tracks N clip_slots M clip,Communicates phrase structure and edit timing.
5,timing_loop_grid_control,"Timing, Loop, and Grid Control",` + t,extended,clip,Clip,live_set tracks N clip_slots M clip,property,start_marker,Start Marker,Clip prop @ tracks N clip_slots M clip,Communicates phrase structure and edit timing.
5,timing_loop_grid_control,"Timing, Loop, and Grid Control",` + t,extended,clip,Clip,live_set tracks N clip_slots M clip,property,start_time,Start Time,Clip prop @ tracks N clip_slots M clip,Communicates phrase structure and edit timing.
5,timing_loop_grid_control,"Timing, Loop, and Grid Control",` + t,extended,clip,Clip,live_set tracks N clip_slots M clip,property,velocity_amount,Velocity Amount,Clip prop @ tracks N clip_slots M clip,Communicates phrase structure and edit timing.
5,timing_loop_grid_control,"Timing, Loop, and Grid Control",` + t,extended,clip,Clip,live_set tracks N clip_slots M clip,property,warp_mode,Warp Mode,Clip prop @ tracks N clip_slots M clip,Communicates phrase structure and edit timing.
5,timing_loop_grid_control,"Timing, Loop, and Grid Control",` + t,extended,clip,Clip,live_set tracks N clip_slots M clip,property,warping,Warping,Clip prop @ tracks N clip_slots M clip,Communicates phrase structure and edit timing.
5,timing_loop_grid_control,"Timing, Loop, and Grid Control",` + t,extended,clip_view,Clip.View,live_set tracks N clip_slots M clip view,property,grid_is_triplet,Grid Is Triplet,Clip.View prop @ tracks N clip_slots M clip view,Communicates phrase structure and edit timing.
5,timing_loop_grid_control,"Timing, Loop, and Grid Control",` + t,extended,clip_view,Clip.View,live_set tracks N clip_slots M clip view,property,grid_snap,Grid Snap,Clip.View prop @ tracks N clip_slots M clip view,Communicates phrase structure and edit timing.
5,timing_loop_grid_control,"Timing, Loop, and Grid Control",` + t,extended,clip_view,Clip.View,live_set tracks N clip_slots M clip view,property,hide_envelope,Hide Envelope,Clip.View prop @ tracks N clip_slots M clip view,Communicates phrase structure and edit timing.
5,timing_loop_grid_control,"Timing, Loop, and Grid Control",` + t,extended,clip_view,Clip.View,live_set tracks N clip_slots M clip view,property,show_envelope,Show Envelope,Clip.View prop @ tracks N clip_slots M clip view,Communicates phrase structure and edit timing.
5,timing_loop_grid_control,"Timing, Loop, and Grid Control",` + t,extended,clip_view,Clip.View,live_set tracks N clip_slots M clip view,property,show_loop,Show Loop,Clip.View prop @ tracks N clip_slots M clip view,Communicates phrase structure and edit timing.
5,timing_loop_grid_control,"Timing, Loop, and Grid Control",` + t,extended,clip_view,Clip.View,live_set tracks N clip_slots M clip view,property,show_warp,Show Warp,Clip.View prop @ tracks N clip_slots M clip view,Communicates phrase structure and edit timing.
5,timing_loop_grid_control,"Timing, Loop, and Grid Control",` + t,extended,clip_view,Clip.View,live_set tracks N clip_slots M clip view,property,show_warp_as,Show warp as,Clip.View prop @ tracks N clip_slots M clip view,Communicates phrase structure and edit timing.
5,timing_loop_grid_control,"Timing, Loop, and Grid Control",` + t,deep,session_global,Song,live_set,property,last_event_time,Last Event Time,Song prop @ live_set,Communicates phrase structure and edit timing.
5,timing_loop_grid_control,"Timing, Loop, and Grid Control",` + t,deep,clip,Clip,live_set tracks N clip_slots M clip,property,sample_length,Sample Length,Clip prop @ tracks N clip_slots M clip,Communicates phrase structure and edit timing.
5,timing_loop_grid_control,"Timing, Loop, and Grid Control",` + t,deep,clip,Clip,live_set tracks N clip_slots M clip,property,sample_rate,Sample Rate,Clip prop @ tracks N clip_slots M clip,Communicates phrase structure and edit timing.
6,mixer_metering_balance,"Mixer, Metering, and Balance",` + m,core,track,Track,live_set tracks N,property,input_meter_level,Input meter level,Track prop @ tracks N,"Supports level, pan, and meter decisions without sight."
6,mixer_metering_balance,"Mixer, Metering, and Balance",` + m,core,track,Track,live_set tracks N,property,mute,Mute,Track prop @ tracks N,"Supports level, pan, and meter decisions without sight."
6,mixer_metering_balance,"Mixer, Metering, and Balance",` + m,core,track,Track,live_set tracks N,property,output_meter_level,Output meter level,Track prop @ tracks N,"Supports level, pan, and meter decisions without sight."
6,mixer_metering_balance,"Mixer, Metering, and Balance",` + m,core,track,Track,live_set tracks N,property,solo,Solo,Track prop @ tracks N,"Supports level, pan, and meter decisions without sight."
6,mixer_metering_balance,"Mixer, Metering, and Balance",` + m,core,mixer,MixerDevice,live_set tracks N mixer_device,child,cue_volume,Cue Volume,MixerDevice child @ tracks N mixer_device,"Supports level, pan, and meter decisions without sight."
6,mixer_metering_balance,"Mixer, Metering, and Balance",` + m,core,mixer,MixerDevice,live_set tracks N mixer_device,child,panning,Panning,MixerDevice child @ tracks N mixer_device,"Supports level, pan, and meter decisions without sight."
6,mixer_metering_balance,"Mixer, Metering, and Balance",` + m,core,mixer,MixerDevice,live_set tracks N mixer_device,child,track_activator,Track activator,MixerDevice child @ tracks N mixer_device,"Supports level, pan, and meter decisions without sight."
6,mixer_metering_balance,"Mixer, Metering, and Balance",` + m,core,mixer,MixerDevice,live_set tracks N mixer_device,child,volume,Volume,MixerDevice child @ tracks N mixer_device,"Supports level, pan, and meter decisions without sight."
6,mixer_metering_balance,"Mixer, Metering, and Balance",` + m,core,parameter,DeviceParameter,live_set tracks N mixer_device volume,property,display_value,Display value,DeviceParameter prop @ tracks N mixer_device volume,"Supports level, pan, and meter decisions without sight."
6,mixer_metering_balance,"Mixer, Metering, and Balance",` + m,core,parameter,DeviceParameter,live_set tracks N mixer_device volume,property,value,Value,DeviceParameter prop @ tracks N mixer_device volume,"Supports level, pan, and meter decisions without sight."
6,mixer_metering_balance,"Mixer, Metering, and Balance",` + m,extended,track,Track,live_set tracks N,property,input_meter_left,Input Meter Left,Track prop @ tracks N,"Supports level, pan, and meter decisions without sight."
6,mixer_metering_balance,"Mixer, Metering, and Balance",` + m,extended,track,Track,live_set tracks N,property,input_meter_right,Input Meter Right,Track prop @ tracks N,"Supports level, pan, and meter decisions without sight."
6,mixer_metering_balance,"Mixer, Metering, and Balance",` + m,extended,track,Track,live_set tracks N,property,muted_via_solo,Muted Via Solo,Track prop @ tracks N,"Supports level, pan, and meter decisions without sight."
6,mixer_metering_balance,"Mixer, Metering, and Balance",` + m,extended,track,Track,live_set tracks N,property,output_meter_left,Output Meter Left,Track prop @ tracks N,"Supports level, pan, and meter decisions without sight."
6,mixer_metering_balance,"Mixer, Metering, and Balance",` + m,extended,track,Track,live_set tracks N,property,output_meter_right,Output Meter Right,Track prop @ tracks N,"Supports level, pan, and meter decisions without sight."
6,mixer_metering_balance,"Mixer, Metering, and Balance",` + m,extended,clip,Clip,live_set tracks N clip_slots M clip,property,gain,Gain,Clip prop @ tracks N clip_slots M clip,"Supports level, pan, and meter decisions without sight."
6,mixer_metering_balance,"Mixer, Metering, and Balance",` + m,extended,clip,Clip,live_set tracks N clip_slots M clip,property,gain_display_string,Gain Display String,Clip prop @ tracks N clip_slots M clip,"Supports level, pan, and meter decisions without sight."
6,mixer_metering_balance,"Mixer, Metering, and Balance",` + m,extended,mixer,MixerDevice,live_set tracks N mixer_device,child,crossfader,Crossfader,MixerDevice child @ tracks N mixer_device,"Supports level, pan, and meter decisions without sight."
6,mixer_metering_balance,"Mixer, Metering, and Balance",` + m,extended,mixer,MixerDevice,live_set tracks N mixer_device,child,left_split_stereo,Left Split Stereo,MixerDevice child @ tracks N mixer_device,"Supports level, pan, and meter decisions without sight."
6,mixer_metering_balance,"Mixer, Metering, and Balance",` + m,extended,mixer,MixerDevice,live_set tracks N mixer_device,child,right_split_stereo,Right Split Stereo,MixerDevice child @ tracks N mixer_device,"Supports level, pan, and meter decisions without sight."
6,mixer_metering_balance,"Mixer, Metering, and Balance",` + m,extended,mixer,MixerDevice,live_set tracks N mixer_device,child,sends,Sends,MixerDevice child @ tracks N mixer_device,"Supports level, pan, and meter decisions without sight."
6,mixer_metering_balance,"Mixer, Metering, and Balance",` + m,extended,mixer,MixerDevice,live_set tracks N mixer_device,child,song_tempo,Song Tempo,MixerDevice child @ tracks N mixer_device,"Supports level, pan, and meter decisions without sight."
6,mixer_metering_balance,"Mixer, Metering, and Balance",` + m,extended,mixer,MixerDevice,live_set tracks N mixer_device,property,crossfade_assign,Crossfade Assign,MixerDevice prop @ tracks N mixer_device,"Supports level, pan, and meter decisions without sight."
6,mixer_metering_balance,"Mixer, Metering, and Balance",` + m,extended,mixer,MixerDevice,live_set tracks N mixer_device,property,panning_mode,Panning Mode,MixerDevice prop @ tracks N mixer_device,"Supports level, pan, and meter decisions without sight."
6,mixer_metering_balance,"Mixer, Metering, and Balance",` + m,deep,track,Track,live_set tracks N,property,performance_impact,Performance Impact,Track prop @ tracks N,"Supports level, pan, and meter decisions without sight."
6,mixer_metering_balance,"Mixer, Metering, and Balance",` + m,deep,parameter,DeviceParameter,live_set tracks N mixer_device volume,property,automation_state,Automation State,DeviceParameter prop @ tracks N mixer_device volume,"Supports level, pan, and meter decisions without sight."
6,mixer_metering_balance,"Mixer, Metering, and Balance",` + m,deep,parameter,DeviceParameter,live_set tracks N mixer_device volume,property,default_value,Default Value,DeviceParameter prop @ tracks N mixer_device volume,"Supports level, pan, and meter decisions without sight."
6,mixer_metering_balance,"Mixer, Metering, and Balance",` + m,deep,parameter,DeviceParameter,live_set tracks N mixer_device volume,property,is_enabled,Enabled,DeviceParameter prop @ tracks N mixer_device volume,"Supports level, pan, and meter decisions without sight."
6,mixer_metering_balance,"Mixer, Metering, and Balance",` + m,deep,parameter,DeviceParameter,live_set tracks N mixer_device volume,property,max,Max,DeviceParameter prop @ tracks N mixer_device volume,"Supports level, pan, and meter decisions without sight."
6,mixer_metering_balance,"Mixer, Metering, and Balance",` + m,deep,parameter,DeviceParameter,live_set tracks N mixer_device volume,property,min,Min,DeviceParameter prop @ tracks N mixer_device volume,"Supports level, pan, and meter decisions without sight."
6,mixer_metering_balance,"Mixer, Metering, and Balance",` + m,deep,parameter,DeviceParameter,live_set tracks N mixer_device volume,property,original_name,Original Name,DeviceParameter prop @ tracks N mixer_device volume,"Supports level, pan, and meter decisions without sight."
6,mixer_metering_balance,"Mixer, Metering, and Balance",` + m,deep,parameter,DeviceParameter,live_set tracks N mixer_device volume,property,name,Parameter name,DeviceParameter prop @ tracks N mixer_device volume,"Supports level, pan, and meter decisions without sight."
6,mixer_metering_balance,"Mixer, Metering, and Balance",` + m,deep,parameter,DeviceParameter,live_set tracks N mixer_device volume,property,is_quantized,Quantized,DeviceParameter prop @ tracks N mixer_device volume,"Supports level, pan, and meter decisions without sight."
6,mixer_metering_balance,"Mixer, Metering, and Balance",` + m,deep,parameter,DeviceParameter,live_set tracks N mixer_device volume,property,state,State,DeviceParameter prop @ tracks N mixer_device volume,"Supports level, pan, and meter decisions without sight."
6,mixer_metering_balance,"Mixer, Metering, and Balance",` + m,deep,parameter,DeviceParameter,live_set tracks N mixer_device volume,property,value_items,Value Items,DeviceParameter prop @ tracks N mixer_device volume,"Supports level, pan, and meter decisions without sight."
7,track_device_routing_architecture,"Track, Device, and Routing Architecture",` + d,core,selection,Song.View,live_set view,child,selected_chain,Selected chain,Song.View child @ view,"Exposes wiring, chains, and focus targets."
7,track_device_routing_architecture,"Track, Device, and Routing Architecture",` + d,core,selection,Song.View,live_set view,child,selected_parameter,Selected parameter,Song.View child @ view,"Exposes wiring, chains, and focus targets."
7,track_device_routing_architecture,"Track, Device, and Routing Architecture",` + d,core,session_global,Song,live_set,property,appointed_device,Appointed device,Song prop @ live_set,"Exposes wiring, chains, and focus targets."
7,track_device_routing_architecture,"Track, Device, and Routing Architecture",` + d,core,track,Track,live_set tracks N,child,group_track,Group Track,Track child @ tracks N,"Exposes wiring, chains, and focus targets."
7,track_device_routing_architecture,"Track, Device, and Routing Architecture",` + d,core,track,Track,live_set tracks N,child,devices,Track devices,Track child @ tracks N,"Exposes wiring, chains, and focus targets."
7,track_device_routing_architecture,"Track, Device, and Routing Architecture",` + d,core,track,Track,live_set tracks N,property,input_routing_channel,Input Routing Channel,Track prop @ tracks N,"Exposes wiring, chains, and focus targets."
7,track_device_routing_architecture,"Track, Device, and Routing Architecture",` + d,core,track,Track,live_set tracks N,property,input_routing_type,Input Routing Type,Track prop @ tracks N,"Exposes wiring, chains, and focus targets."
7,track_device_routing_architecture,"Track, Device, and Routing Architecture",` + d,core,track,Track,live_set tracks N,property,output_routing_channel,Output Routing Channel,Track prop @ tracks N,"Exposes wiring, chains, and focus targets."
7,track_device_routing_architecture,"Track, Device, and Routing Architecture",` + d,core,track,Track,live_set tracks N,property,output_routing_type,Output Routing Type,Track prop @ tracks N,"Exposes wiring, chains, and focus targets."
7,track_device_routing_architecture,"Track, Device, and Routing Architecture",` + d,core,track_view,Track.View,live_set tracks N view,child,selected_device,Selected device,Track.View child @ tracks N view,"Exposes wiring, chains, and focus targets."
7,track_device_routing_architecture,"Track, Device, and Routing Architecture",` + d,core,track_view,Track.View,live_set tracks N view,property,selected_device,Selected device,Track.View prop @ tracks N view,"Exposes wiring, chains, and focus targets."
7,track_device_routing_architecture,"Track, Device, and Routing Architecture",` + d,extended,track,Track,live_set tracks N,child,arrangement_clips,Arrangement Clips,Track child @ tracks N,"Exposes wiring, chains, and focus targets."
7,track_device_routing_architecture,"Track, Device, and Routing Architecture",` + d,extended,track,Track,live_set tracks N,child,take_lanes,Take Lanes,Track child @ tracks N,"Exposes wiring, chains, and focus targets."
7,track_device_routing_architecture,"Track, Device, and Routing Architecture",` + d,extended,track,Track,live_set tracks N,child,mixer_device,Track mixer device,Track child @ tracks N,"Exposes wiring, chains, and focus targets."
7,track_device_routing_architecture,"Track, Device, and Routing Architecture",` + d,extended,track,Track,live_set tracks N,child,view,Track view,Track child @ tracks N,"Exposes wiring, chains, and focus targets."
7,track_device_routing_architecture,"Track, Device, and Routing Architecture",` + d,extended,track,Track,live_set tracks N,property,available_input_routing_channels,Available Input Routing Channels,Track prop @ tracks N,"Exposes wiring, chains, and focus targets."
7,track_device_routing_architecture,"Track, Device, and Routing Architecture",` + d,extended,track,Track,live_set tracks N,property,available_input_routing_types,Available Input Routing Types,Track prop @ tracks N,"Exposes wiring, chains, and focus targets."
7,track_device_routing_architecture,"Track, Device, and Routing Architecture",` + d,extended,track,Track,live_set tracks N,property,available_output_routing_channels,Available Output Routing Channels,Track prop @ tracks N,"Exposes wiring, chains, and focus targets."
7,track_device_routing_architecture,"Track, Device, and Routing Architecture",` + d,extended,track,Track,live_set tracks N,property,available_output_routing_types,Available Output Routing Types,Track prop @ tracks N,"Exposes wiring, chains, and focus targets."
7,track_device_routing_architecture,"Track, Device, and Routing Architecture",` + d,extended,track,Track,live_set tracks N,property,can_be_frozen,Can be frozen,Track prop @ tracks N,"Exposes wiring, chains, and focus targets."
7,track_device_routing_architecture,"Track, Device, and Routing Architecture",` + d,extended,track,Track,live_set tracks N,property,can_show_chains,Can show chains,Track prop @ tracks N,"Exposes wiring, chains, and focus targets."
7,track_device_routing_architecture,"Track, Device, and Routing Architecture",` + d,extended,track,Track,live_set tracks N,property,fold_state,Fold State,Track prop @ tracks N,"Exposes wiring, chains, and focus targets."
7,track_device_routing_architecture,"Track, Device, and Routing Architecture",` + d,extended,track,Track,live_set tracks N,property,is_foldable,Foldable,Track prop @ tracks N,"Exposes wiring, chains, and focus targets."
7,track_device_routing_architecture,"Track, Device, and Routing Architecture",` + d,extended,track,Track,live_set tracks N,property,is_frozen,Frozen,Track prop @ tracks N,"Exposes wiring, chains, and focus targets."
7,track_device_routing_architecture,"Track, Device, and Routing Architecture",` + d,extended,track,Track,live_set tracks N,property,is_grouped,Grouped,Track prop @ tracks N,"Exposes wiring, chains, and focus targets."
7,track_device_routing_architecture,"Track, Device, and Routing Architecture",` + d,extended,track,Track,live_set tracks N,property,has_audio_input,Has audio input,Track prop @ tracks N,"Exposes wiring, chains, and focus targets."
7,track_device_routing_architecture,"Track, Device, and Routing Architecture",` + d,extended,track,Track,live_set tracks N,property,has_audio_output,Has audio output,Track prop @ tracks N,"Exposes wiring, chains, and focus targets."
7,track_device_routing_architecture,"Track, Device, and Routing Architecture",` + d,extended,track,Track,live_set tracks N,property,has_midi_input,Has midi input,Track prop @ tracks N,"Exposes wiring, chains, and focus targets."
7,track_device_routing_architecture,"Track, Device, and Routing Architecture",` + d,extended,track,Track,live_set tracks N,property,has_midi_output,Has midi output,Track prop @ tracks N,"Exposes wiring, chains, and focus targets."
7,track_device_routing_architecture,"Track, Device, and Routing Architecture",` + d,extended,track,Track,live_set tracks N,property,is_showing_chains,Showing Chains,Track prop @ tracks N,"Exposes wiring, chains, and focus targets."
7,track_device_routing_architecture,"Track, Device, and Routing Architecture",` + d,extended,track_view,Track.View,live_set tracks N view,property,is_collapsed,Collapsed,Track.View prop @ tracks N view,"Exposes wiring, chains, and focus targets."
7,track_device_routing_architecture,"Track, Device, and Routing Architecture",` + d,extended,track_view,Track.View,live_set tracks N view,property,is_showing_chains,Showing Chains,Track.View prop @ tracks N view,"Exposes wiring, chains, and focus targets."
8,global_session_governance,Global Session Governance,` + g,core,session_global,Song,live_set,property,is_ableton_link_enabled,Ableton Link enabled,Song prop @ live_set,Confirms set-wide policies and transport conditions.
8,global_session_governance,Global Session Governance,` + g,core,session_global,Song,live_set,property,is_ableton_link_start_stop_sync_enabled,Ableton Link start/stop sync enabled,Song prop @ live_set,Confirms set-wide policies and transport conditions.
8,global_session_governance,Global Session Governance,` + g,core,session_global,Song,live_set,property,can_jump_to_next_cue,Can jump to next cue,Song prop @ live_set,Confirms set-wide policies and transport conditions.
8,global_session_governance,Global Session Governance,` + g,core,session_global,Song,live_set,property,can_jump_to_prev_cue,Can jump to prev cue,Song prop @ live_set,Confirms set-wide policies and transport conditions.
8,global_session_governance,Global Session Governance,` + g,core,session_global,Song,live_set,property,can_redo,Can redo,Song prop @ live_set,Confirms set-wide policies and transport conditions.
8,global_session_governance,Global Session Governance,` + g,core,session_global,Song,live_set,property,can_undo,Can undo,Song prop @ live_set,Confirms set-wide policies and transport conditions.
8,global_session_governance,Global Session Governance,` + g,core,session_global,Song,live_set,property,exclusive_arm,Exclusive Arm,Song prop @ live_set,Confirms set-wide policies and transport conditions.
8,global_session_governance,Global Session Governance,` + g,core,session_global,Song,live_set,property,exclusive_solo,Exclusive Solo,Song prop @ live_set,Confirms set-wide policies and transport conditions.
8,global_session_governance,Global Session Governance,` + g,core,session_global,Song,live_set,property,re_enable_automation_enabled,Re Enable Automation Enabled,Song prop @ live_set,Confirms set-wide policies and transport conditions.
8,global_session_governance,Global Session Governance,` + g,core,session_global,Song,live_set,property,session_automation_record,Session automation record,Song prop @ live_set,Confirms set-wide policies and transport conditions.
8,global_session_governance,Global Session Governance,` + g,extended,session_global,Song,live_set,property,file_path,File Path,Song prop @ live_set,Confirms set-wide policies and transport conditions.
8,global_session_governance,Global Session Governance,` + g,extended,session_global,Song,live_set,property,nudge_down,Nudge Down,Song prop @ live_set,Confirms set-wide policies and transport conditions.
8,global_session_governance,Global Session Governance,` + g,extended,session_global,Song,live_set,property,nudge_up,Nudge Up,Song prop @ live_set,Confirms set-wide policies and transport conditions.
8,global_session_governance,Global Session Governance,` + g,extended,session_global,Song,live_set,property,root_note,Root Note,Song prop @ live_set,Confirms set-wide policies and transport conditions.
8,global_session_governance,Global Session Governance,` + g,extended,session_global,Song,live_set,property,scale_intervals,Scale Intervals,Song prop @ live_set,Confirms set-wide policies and transport conditions.
8,global_session_governance,Global Session Governance,` + g,extended,session_global,Song,live_set,property,scale_mode,Scale Mode,Song prop @ live_set,Confirms set-wide policies and transport conditions.
8,global_session_governance,Global Session Governance,` + g,extended,session_global,Song,live_set,property,scale_name,Scale Name,Song prop @ live_set,Confirms set-wide policies and transport conditions.
8,global_session_governance,Global Session Governance,` + g,extended,session_global,Song,live_set,property,select_on_launch,Select On Launch,Song prop @ live_set,Confirms set-wide policies and transport conditions.
8,global_session_governance,Global Session Governance,` + g,extended,session_global,Song,live_set,property,name,Set name,Song prop @ live_set,Confirms set-wide policies and transport conditions.
8,global_session_governance,Global Session Governance,` + g,extended,session_global,Song,live_set,property,tempo_follower_enabled,Tempo Follower Enabled,Song prop @ live_set,Confirms set-wide policies and transport conditions.
